,wd,ws,freq_val
0.0,0.0,3.0,0.000597488376135228
1.0,0.0,4.0,0.0008201885890583583
2.0,0.0,5.0,0.0009777082518576457
3.0,0.0,6.0,0.0009614131143266849
4.0,0.0,7.0,0.0010863425020640508
5.0,0.0,8.0,0.0011895450397601355
6.0,0.0,9.0,0.0012221353148220572
7.0,0.0,10.0,0.0010972059270846913
8.0,0.0,11.0,0.0009777082518576457
9.0,0.0,12.0,0.0007332811888932343
10.0,0.0,13.0,0.0006789640637900317
11.0,0.0,14.0,0.0006083518011558685
12.0,0.0,15.0,0.0004345370008256203
13.0,0.0,16.0,0.0002661539130056924
14.0,0.0,17.0,0.00013579281275800635
15.0,0.0,18.0,0.00015751966279928736
16.0,0.0,19.0,0.00014665623777864684
17.0,0.0,20.0,0.00015751966279928736
18.0,0.0,21.0,0.00011406596271672534
19.0,0.0,22.0,3.802198757224178e-05
20.0,0.0,23.0,4.345370008256203e-05
21.0,0.0,24.0,3.259027506192152e-05
22.0,0.0,25.0,1.629513753096076e-05
23.0,5.0,3.0,0.0007604397514448355
24.0,5.0,4.0,0.0009559814018163646
25.0,5.0,5.0,0.0009994351018989267
26.0,5.0,6.0,0.0011515230521878938
27.0,5.0,7.0,0.0012655890149046191
28.0,5.0,8.0,0.0010428888019814887
29.0,5.0,9.0,0.0009777082518576457
30.0,5.0,10.0,0.0011189327771259723
31.0,5.0,11.0,0.0008962325642028418
32.0,5.0,12.0,0.0006952592013209925
33.0,5.0,13.0,0.0005920566636249076
34.0,5.0,14.0,0.00042910528831530007
35.0,5.0,15.0,0.0004345370008256203
36.0,5.0,16.0,0.0002824490505366532
37.0,5.0,17.0,0.0002715856255160127
38.0,5.0,18.0,0.00024442706296441143
39.0,5.0,19.0,0.00016838308781992787
40.0,5.0,20.0,0.00015751966279928736
41.0,5.0,21.0,0.00015751966279928736
42.0,5.0,22.0,8.690740016512406e-05
43.0,5.0,23.0,6.518055012384304e-05
44.0,5.0,24.0,5.974883761352279e-05
45.0,5.0,25.0,9.233911267544432e-05
46.0,10.0,3.0,0.0007115543388519532
47.0,10.0,4.0,0.0008636422891409204
48.0,10.0,5.0,0.0010646156520227696
49.0,10.0,6.0,0.0012275670273323774
50.0,10.0,7.0,0.00107004736453309
51.0,10.0,8.0,0.0011026376395950116
52.0,10.0,9.0,0.0011243644896362925
53.0,10.0,10.0,0.0008908008516925216
54.0,10.0,11.0,0.0008908008516925216
55.0,10.0,12.0,0.0006898274888106722
56.0,10.0,13.0,0.0005486029635423457
57.0,10.0,14.0,0.00045626385086690134
58.0,10.0,15.0,0.0004128101507843393
59.0,10.0,16.0,0.0002715856255160127
60.0,10.0,17.0,0.00021726850041281016
61.0,10.0,18.0,0.0002552904879850519
62.0,10.0,19.0,0.00015751966279928736
63.0,10.0,20.0,0.00020640507539216964
64.0,10.0,21.0,0.00011949767522704558
65.0,10.0,22.0,6.518055012384304e-05
66.0,10.0,23.0,4.888541259288228e-05
67.0,10.0,24.0,3.259027506192152e-05
68.0,10.0,25.0,1.0863425020640507e-05
69.0,15.0,3.0,0.000684395776300352
70.0,15.0,4.0,0.0007604397514448355
71.0,15.0,5.0,0.0009885716768782862
72.0,15.0,6.0,0.0010972059270846913
73.0,15.0,7.0,0.0010428888019814887
74.0,15.0,8.0,0.0010211619519402077
75.0,15.0,9.0,0.0010157302394298874
76.0,15.0,10.0,0.0009668448268370051
77.0,15.0,11.0,0.0008419154390996393
78.0,15.0,12.0,0.0006735323512797115
79.0,15.0,13.0,0.0005160126884804241
80.0,15.0,14.0,0.00042910528831530007
81.0,15.0,15.0,0.00036935645070177727
82.0,15.0,16.0,0.0003530613131708165
83.0,15.0,17.0,0.0002715856255160127
84.0,15.0,18.0,0.0001412245252683266
85.0,15.0,19.0,0.00011949767522704558
86.0,15.0,20.0,0.00011406596271672534
87.0,15.0,21.0,0.00010863425020640508
88.0,15.0,22.0,5.431712510320254e-05
89.0,15.0,23.0,8.690740016512406e-05
90.0,15.0,24.0,4.345370008256203e-05
91.0,15.0,25.0,2.715856255160127e-05
92.0,20.0,3.0,0.0006789640637900317
93.0,20.0,4.0,0.0009016642767131621
94.0,20.0,5.0,0.0009396862642854039
95.0,20.0,6.0,0.0009994351018989267
96.0,20.0,7.0,0.0009777082518576457
97.0,20.0,8.0,0.0010972059270846913
98.0,20.0,9.0,0.0008799374266718811
99.0,20.0,10.0,0.0008093251640377178
100.0,20.0,11.0,0.0008147568765480381
101.0,20.0,12.0,0.0006409420762177899
102.0,20.0,13.0,0.0006409420762177899
103.0,20.0,14.0,0.000342197888150176
104.0,20.0,15.0,0.00023899535045409116
105.0,20.0,16.0,0.00021726850041281016
106.0,20.0,17.0,0.00024442706296441143
107.0,20.0,18.0,0.00022813192543345067
108.0,20.0,19.0,0.00016838308781992787
109.0,20.0,20.0,0.00012492938773736584
110.0,20.0,21.0,5.431712510320254e-05
111.0,20.0,22.0,5.974883761352279e-05
112.0,20.0,23.0,2.1726850041281015e-05
113.0,20.0,24.0,5.974883761352279e-05
114.0,20.0,25.0,3.802198757224178e-05
115.0,25.0,3.0,0.0006083518011558685
116.0,25.0,4.0,0.0007387129014035545
117.0,25.0,5.0,0.0008582105766306001
118.0,25.0,6.0,0.0009451179767957242
119.0,25.0,7.0,0.0009070959892234823
120.0,25.0,8.0,0.0010863425020640508
121.0,25.0,9.0,0.0009125277017338027
122.0,25.0,10.0,0.0008636422891409204
123.0,25.0,11.0,0.0008799374266718811
124.0,25.0,12.0,0.0005811932386042671
125.0,25.0,13.0,0.0004182418632946595
126.0,25.0,14.0,0.00036935645070177727
127.0,25.0,15.0,0.00027701733802633295
128.0,25.0,16.0,0.00016838308781992787
129.0,25.0,17.0,0.00018467822535088863
130.0,25.0,18.0,0.00020640507539216964
131.0,25.0,19.0,0.00019554165037152912
132.0,25.0,20.0,0.0002227002129231304
133.0,25.0,21.0,7.604397514448356e-05
134.0,25.0,22.0,0.00010863425020640508
135.0,25.0,23.0,5.431712510320254e-05
136.0,25.0,24.0,2.1726850041281015e-05
137.0,25.0,25.0,1.629513753096076e-05
138.0,30.0,3.0,0.0006789640637900317
139.0,30.0,4.0,0.0007115543388519532
140.0,30.0,5.0,0.0008908008516925216
141.0,30.0,6.0,0.0009777082518576457
142.0,30.0,7.0,0.0010211619519402077
143.0,30.0,8.0,0.0009233911267544432
144.0,30.0,9.0,0.0007658714639551558
145.0,30.0,10.0,0.0007930300265067571
146.0,30.0,11.0,0.0007767348889757962
147.0,30.0,12.0,0.0005214444009907443
148.0,30.0,13.0,0.0003530613131708165
149.0,30.0,14.0,0.00030960761308825447
150.0,30.0,15.0,0.0003259027506192152
151.0,30.0,16.0,0.00019010993786120888
152.0,30.0,17.0,0.00019010993786120888
153.0,30.0,18.0,0.00021183678790248988
154.0,30.0,19.0,0.00019010993786120888
155.0,30.0,20.0,0.00019554165037152912
156.0,30.0,21.0,0.00010863425020640508
157.0,30.0,22.0,0.00010863425020640508
158.0,30.0,23.0,9.233911267544432e-05
159.0,30.0,24.0,2.715856255160127e-05
160.0,30.0,25.0,2.1726850041281015e-05
161.0,35.0,3.0,0.0006192152261765089
162.0,35.0,4.0,0.0007169860513622735
163.0,35.0,5.0,0.000749576326424195
164.0,35.0,6.0,0.0008745057141615609
165.0,35.0,7.0,0.0010102985269195672
166.0,35.0,8.0,0.0010809107895537306
167.0,35.0,9.0,0.0008473471516099595
168.0,35.0,10.0,0.0006898274888106722
169.0,35.0,11.0,0.0006681006387693913
170.0,35.0,12.0,0.0005486029635423457
171.0,35.0,13.0,0.00039651501325337855
172.0,35.0,14.0,0.0002824490505366532
173.0,35.0,15.0,0.00022813192543345067
174.0,35.0,16.0,0.00018467822535088863
175.0,35.0,17.0,0.0001629513753096076
176.0,35.0,18.0,0.00011406596271672534
177.0,35.0,19.0,0.00015208795028896711
178.0,35.0,20.0,0.00015208795028896711
179.0,35.0,21.0,7.06122626341633e-05
180.0,35.0,22.0,0.00010863425020640508
181.0,35.0,23.0,8.14756876548038e-05
182.0,35.0,24.0,7.06122626341633e-05
183.0,35.0,25.0,3.802198757224178e-05
184.0,40.0,3.0,0.0006572372137487507
185.0,40.0,4.0,0.0007169860513622735
186.0,40.0,5.0,0.0007604397514448355
187.0,40.0,6.0,0.0008527788641202799
188.0,40.0,7.0,0.0009668448268370051
189.0,40.0,8.0,0.0008962325642028418
190.0,40.0,9.0,0.0007930300265067571
191.0,40.0,10.0,0.0006789640637900317
192.0,40.0,11.0,0.0005431712510320254
193.0,40.0,12.0,0.000597488376135228
194.0,40.0,13.0,0.00039651501325337855
195.0,40.0,14.0,0.0002715856255160127
196.0,40.0,15.0,0.00019554165037152912
197.0,40.0,16.0,0.00022813192543345067
198.0,40.0,17.0,0.0001629513753096076
199.0,40.0,18.0,7.604397514448356e-05
200.0,40.0,19.0,0.00010863425020640508
201.0,40.0,20.0,5.431712510320254e-05
202.0,40.0,21.0,8.14756876548038e-05
203.0,40.0,22.0,8.690740016512406e-05
204.0,40.0,23.0,5.974883761352279e-05
205.0,40.0,24.0,0.00012492938773736584
206.0,40.0,25.0,4.345370008256203e-05
207.0,45.0,3.0,0.0007006909138313127
208.0,45.0,4.0,0.000684395776300352
209.0,45.0,5.0,0.0008799374266718811
210.0,45.0,6.0,0.0008745057141615609
211.0,45.0,7.0,0.0007169860513622735
212.0,45.0,8.0,0.000771303176465476
213.0,45.0,9.0,0.0008853691391822014
214.0,45.0,10.0,0.0006735323512797115
215.0,45.0,11.0,0.0006300786511971494
216.0,45.0,12.0,0.0005920566636249076
217.0,45.0,13.0,0.00039108330074305825
218.0,45.0,14.0,0.00038021987572241776
219.0,45.0,15.0,0.00024442706296441143
220.0,45.0,16.0,0.000298744188067614
221.0,45.0,17.0,0.00013579281275800635
222.0,45.0,18.0,0.00010320253769608482
223.0,45.0,19.0,9.777082518576456e-05
224.0,45.0,20.0,8.690740016512406e-05
225.0,45.0,21.0,6.518055012384304e-05
226.0,45.0,22.0,7.06122626341633e-05
227.0,45.0,23.0,4.345370008256203e-05
228.0,45.0,24.0,5.431712510320254e-05
229.0,45.0,25.0,2.1726850041281015e-05
230.0,50.0,3.0,0.000662668926259071
231.0,50.0,4.0,0.0007875983139964368
232.0,50.0,5.0,0.0008310520140789988
233.0,50.0,6.0,0.0007115543388519532
234.0,50.0,7.0,0.0007875983139964368
235.0,50.0,8.0,0.0008582105766306001
236.0,50.0,9.0,0.0008419154390996393
237.0,50.0,10.0,0.0006681006387693913
238.0,50.0,11.0,0.0006137835136661887
239.0,50.0,12.0,0.0005377395385217052
240.0,50.0,13.0,0.00042910528831530007
241.0,50.0,14.0,0.0003259027506192152
242.0,50.0,15.0,0.0003530613131708165
243.0,50.0,16.0,0.00023356363794377092
244.0,50.0,17.0,0.0002227002129231304
245.0,50.0,18.0,0.00017924651284056836
246.0,50.0,19.0,0.00017924651284056836
247.0,50.0,20.0,9.233911267544432e-05
248.0,50.0,21.0,0.00011406596271672534
249.0,50.0,22.0,0.00010320253769608482
250.0,50.0,23.0,9.777082518576456e-05
251.0,50.0,24.0,7.604397514448356e-05
252.0,50.0,25.0,4.888541259288228e-05
253.0,55.0,3.0,0.0006572372137487507
254.0,55.0,4.0,0.0008310520140789988
255.0,55.0,5.0,0.000749576326424195
256.0,55.0,6.0,0.0008147568765480381
257.0,55.0,7.0,0.0008256203015686786
258.0,55.0,8.0,0.0007332811888932343
259.0,55.0,9.0,0.0006137835136661887
260.0,55.0,10.0,0.0005757615260939469
261.0,55.0,11.0,0.0005486029635423457
262.0,55.0,12.0,0.0004942858384391431
263.0,55.0,13.0,0.000342197888150176
264.0,55.0,14.0,0.0002824490505366532
265.0,55.0,15.0,0.0002715856255160127
266.0,55.0,16.0,0.00024442706296441143
267.0,55.0,17.0,0.00023356363794377092
268.0,55.0,18.0,0.00011406596271672534
269.0,55.0,19.0,0.00013579281275800635
270.0,55.0,20.0,5.431712510320254e-05
271.0,55.0,21.0,7.604397514448356e-05
272.0,55.0,22.0,8.14756876548038e-05
273.0,55.0,23.0,0.00013579281275800635
274.0,55.0,24.0,5.974883761352279e-05
275.0,55.0,25.0,3.802198757224178e-05
276.0,60.0,3.0,0.0006137835136661887
277.0,60.0,4.0,0.0007550080389345153
278.0,60.0,5.0,0.0008962325642028418
279.0,60.0,6.0,0.0008799374266718811
280.0,60.0,7.0,0.0007550080389345153
281.0,60.0,8.0,0.0007767348889757962
282.0,60.0,9.0,0.0008473471516099595
283.0,60.0,10.0,0.0005811932386042671
284.0,60.0,11.0,0.00039108330074305825
285.0,60.0,12.0,0.0003584930256811367
286.0,60.0,13.0,0.000342197888150176
287.0,60.0,14.0,0.00023899535045409116
288.0,60.0,15.0,0.00021183678790248988
289.0,60.0,16.0,0.00017924651284056836
290.0,60.0,17.0,0.00015208795028896711
291.0,60.0,18.0,0.00013579281275800635
292.0,60.0,19.0,9.233911267544432e-05
293.0,60.0,20.0,9.777082518576456e-05
294.0,60.0,21.0,8.14756876548038e-05
295.0,60.0,22.0,8.14756876548038e-05
296.0,60.0,23.0,6.518055012384304e-05
297.0,60.0,24.0,8.14756876548038e-05
298.0,60.0,25.0,3.802198757224178e-05
299.0,65.0,3.0,0.0006681006387693913
300.0,65.0,4.0,0.0008038934515273976
301.0,65.0,5.0,0.0008093251640377178
302.0,65.0,6.0,0.0008582105766306001
303.0,65.0,7.0,0.0008201885890583583
304.0,65.0,8.0,0.0005703298135836266
305.0,65.0,9.0,0.0006789640637900317
306.0,65.0,10.0,0.0004725589883978621
307.0,65.0,11.0,0.0004942858384391431
308.0,65.0,12.0,0.00036935645070177727
309.0,65.0,13.0,0.00019554165037152912
310.0,65.0,14.0,0.00020640507539216964
311.0,65.0,15.0,0.00021183678790248988
312.0,65.0,16.0,0.00015751966279928736
313.0,65.0,17.0,0.00015208795028896711
314.0,65.0,18.0,6.518055012384304e-05
315.0,65.0,19.0,5.974883761352279e-05
316.0,65.0,20.0,5.974883761352279e-05
317.0,65.0,21.0,6.518055012384304e-05
318.0,65.0,22.0,5.431712510320254e-05
319.0,65.0,23.0,3.802198757224178e-05
320.0,65.0,24.0,6.518055012384304e-05
321.0,65.0,25.0,5.431712510320254e-05
322.0,70.0,3.0,0.000662668926259071
323.0,70.0,4.0,0.0007115543388519532
324.0,70.0,5.0,0.0007169860513622735
325.0,70.0,6.0,0.000771303176465476
326.0,70.0,7.0,0.0006898274888106722
327.0,70.0,8.0,0.0005051492634597836
328.0,70.0,9.0,0.0005811932386042671
329.0,70.0,10.0,0.0004942858384391431
330.0,70.0,11.0,0.0003747881632120975
331.0,70.0,12.0,0.000385651588232738
332.0,70.0,13.0,0.0003530613131708165
333.0,70.0,14.0,0.00019554165037152912
334.0,70.0,15.0,0.00019554165037152912
335.0,70.0,16.0,0.0001412245252683266
336.0,70.0,17.0,0.00013579281275800635
337.0,70.0,18.0,5.974883761352279e-05
338.0,70.0,19.0,8.14756876548038e-05
339.0,70.0,20.0,4.888541259288228e-05
340.0,70.0,21.0,7.604397514448356e-05
341.0,70.0,22.0,4.345370008256203e-05
342.0,70.0,23.0,5.974883761352279e-05
343.0,70.0,24.0,3.802198757224178e-05
344.0,70.0,25.0,1.629513753096076e-05
345.0,75.0,3.0,0.000597488376135228
346.0,75.0,4.0,0.000727849476382914
347.0,75.0,5.0,0.000771303176465476
348.0,75.0,6.0,0.0007224177638725938
349.0,75.0,7.0,0.0006463737887281102
350.0,75.0,8.0,0.0006029200886455482
351.0,75.0,9.0,0.0005540346760526659
352.0,75.0,10.0,0.00042367357580497977
353.0,75.0,11.0,0.0002824490505366532
354.0,75.0,12.0,0.00030960761308825447
355.0,75.0,13.0,0.000298744188067614
356.0,75.0,14.0,0.00023899535045409116
357.0,75.0,15.0,9.777082518576456e-05
358.0,75.0,16.0,0.00013036110024768608
359.0,75.0,17.0,5.974883761352279e-05
360.0,75.0,18.0,8.14756876548038e-05
361.0,75.0,19.0,2.715856255160127e-05
362.0,75.0,20.0,8.690740016512406e-05
363.0,75.0,21.0,5.431712510320254e-05
364.0,75.0,22.0,4.345370008256203e-05
365.0,75.0,23.0,5.431712510320254e-05
366.0,75.0,24.0,4.345370008256203e-05
367.0,75.0,25.0,5.431712510320254e-06
368.0,80.0,3.0,0.0005811932386042671
369.0,80.0,4.0,0.000597488376135228
370.0,80.0,5.0,0.000727849476382914
371.0,80.0,6.0,0.0006681006387693913
372.0,80.0,7.0,0.0006029200886455482
373.0,80.0,8.0,0.0005486029635423457
374.0,80.0,9.0,0.0005160126884804241
375.0,80.0,10.0,0.0003530613131708165
376.0,80.0,11.0,0.00038021987572241776
377.0,80.0,12.0,0.0002227002129231304
378.0,80.0,13.0,0.00023356363794377092
379.0,80.0,14.0,0.0001629513753096076
380.0,80.0,15.0,0.00015208795028896711
381.0,80.0,16.0,0.00014665623777864684
382.0,80.0,17.0,7.604397514448356e-05
383.0,80.0,18.0,0.00010863425020640508
384.0,80.0,19.0,0.00011949767522704558
385.0,80.0,20.0,8.690740016512406e-05
386.0,80.0,21.0,6.518055012384304e-05
387.0,80.0,22.0,4.888541259288228e-05
388.0,80.0,23.0,3.802198757224178e-05
389.0,80.0,24.0,4.888541259288228e-05
390.0,80.0,25.0,5.431712510320254e-06
391.0,85.0,3.0,0.0006246469386868292
392.0,85.0,4.0,0.0004997175509494634
393.0,85.0,5.0,0.0005594663885629861
394.0,85.0,6.0,0.0005648981010733064
395.0,85.0,7.0,0.0006409420762177899
396.0,85.0,8.0,0.0005268761135010646
397.0,85.0,9.0,0.0005594663885629861
398.0,85.0,10.0,0.0003313344631295355
399.0,85.0,11.0,0.000363924738191457
400.0,85.0,12.0,0.00032047103810889496
401.0,85.0,13.0,0.00032047103810889496
402.0,85.0,14.0,0.0002661539130056924
403.0,85.0,15.0,0.00019010993786120888
404.0,85.0,16.0,0.00015208795028896711
405.0,85.0,17.0,0.00012492938773736584
406.0,85.0,18.0,0.00010320253769608482
407.0,85.0,19.0,8.14756876548038e-05
408.0,85.0,20.0,5.974883761352279e-05
409.0,85.0,21.0,3.802198757224178e-05
410.0,85.0,22.0,1.629513753096076e-05
411.0,85.0,23.0,1.629513753096076e-05
412.0,85.0,24.0,2.1726850041281015e-05
413.0,85.0,25.0,1.629513753096076e-05
414.0,90.0,3.0,0.0005866249511145874
415.0,90.0,4.0,0.0005920566636249076
416.0,90.0,5.0,0.0005268761135010646
417.0,90.0,6.0,0.0006463737887281102
418.0,90.0,7.0,0.0005377395385217052
419.0,90.0,8.0,0.0004616955633772216
420.0,90.0,9.0,0.0005051492634597836
421.0,90.0,10.0,0.0005051492634597836
422.0,90.0,11.0,0.00039651501325337855
423.0,90.0,12.0,0.00023899535045409116
424.0,90.0,13.0,0.00021183678790248988
425.0,90.0,14.0,0.00020640507539216964
426.0,90.0,15.0,0.00019010993786120888
427.0,90.0,16.0,0.00014665623777864684
428.0,90.0,17.0,0.0001629513753096076
429.0,90.0,18.0,9.777082518576456e-05
430.0,90.0,19.0,0.00010320253769608482
431.0,90.0,20.0,7.604397514448356e-05
432.0,90.0,21.0,3.802198757224178e-05
433.0,90.0,22.0,5.974883761352279e-05
434.0,90.0,23.0,2.715856255160127e-05
435.0,90.0,24.0,2.715856255160127e-05
436.0,90.0,25.0,1.0863425020640507e-05
437.0,95.0,3.0,0.0006681006387693913
438.0,95.0,4.0,0.0005540346760526659
439.0,95.0,5.0,0.0006518055012384304
440.0,95.0,6.0,0.0004888541259288229
441.0,95.0,7.0,0.0005214444009907443
442.0,95.0,8.0,0.00048342241341850256
443.0,95.0,9.0,0.00045626385086690134
444.0,95.0,10.0,0.000363924738191457
445.0,95.0,11.0,0.0003530613131708165
446.0,95.0,12.0,0.00030417590057793423
447.0,95.0,13.0,0.00022813192543345067
448.0,95.0,14.0,0.00019010993786120888
449.0,95.0,15.0,0.00019010993786120888
450.0,95.0,16.0,0.00013579281275800635
451.0,95.0,17.0,0.00016838308781992787
452.0,95.0,18.0,9.777082518576456e-05
453.0,95.0,19.0,0.0001412245252683266
454.0,95.0,20.0,0.00013579281275800635
455.0,95.0,21.0,7.06122626341633e-05
456.0,95.0,22.0,4.888541259288228e-05
457.0,95.0,23.0,2.1726850041281015e-05
458.0,95.0,24.0,3.259027506192152e-05
459.0,95.0,25.0,2.715856255160127e-05
460.0,100.0,3.0,0.0005323078260113848
461.0,100.0,4.0,0.0005431712510320254
462.0,100.0,5.0,0.0005540346760526659
463.0,100.0,6.0,0.00046712727588754183
464.0,100.0,7.0,0.0005214444009907443
465.0,100.0,8.0,0.0005105809759701038
466.0,100.0,9.0,0.0004888541259288229
467.0,100.0,10.0,0.000363924738191457
468.0,100.0,11.0,0.0003259027506192152
469.0,100.0,12.0,0.00030417590057793423
470.0,100.0,13.0,0.00019010993786120888
471.0,100.0,14.0,0.0002661539130056924
472.0,100.0,15.0,0.00017381480033024812
473.0,100.0,16.0,0.00017381480033024812
474.0,100.0,17.0,0.00010863425020640508
475.0,100.0,18.0,0.00011406596271672534
476.0,100.0,19.0,9.777082518576456e-05
477.0,100.0,20.0,2.1726850041281015e-05
478.0,100.0,21.0,8.690740016512406e-05
479.0,100.0,22.0,6.518055012384304e-05
480.0,100.0,23.0,2.715856255160127e-05
481.0,100.0,24.0,4.345370008256203e-05
482.0,100.0,25.0,3.259027506192152e-05
483.0,105.0,3.0,0.0005160126884804241
484.0,105.0,4.0,0.0005486029635423457
485.0,105.0,5.0,0.0006192152261765089
486.0,105.0,6.0,0.00046712727588754183
487.0,105.0,7.0,0.0005866249511145874
488.0,105.0,8.0,0.0004345370008256203
489.0,105.0,9.0,0.00045626385086690134
490.0,105.0,10.0,0.0004616955633772216
491.0,105.0,11.0,0.0003530613131708165
492.0,105.0,12.0,0.0002715856255160127
493.0,105.0,13.0,0.0002227002129231304
494.0,105.0,14.0,0.00020640507539216964
495.0,105.0,15.0,0.00012492938773736584
496.0,105.0,16.0,0.00010320253769608482
497.0,105.0,17.0,0.00012492938773736584
498.0,105.0,18.0,9.233911267544432e-05
499.0,105.0,19.0,8.690740016512406e-05
500.0,105.0,20.0,4.345370008256203e-05
501.0,105.0,21.0,0.00010863425020640508
502.0,105.0,22.0,3.259027506192152e-05
503.0,105.0,23.0,2.715856255160127e-05
504.0,105.0,24.0,3.802198757224178e-05
505.0,105.0,25.0,3.259027506192152e-05
506.0,110.0,3.0,0.0006192152261765089
507.0,110.0,4.0,0.0005757615260939469
508.0,110.0,5.0,0.0007169860513622735
509.0,110.0,6.0,0.0005648981010733064
510.0,110.0,7.0,0.0005105809759701038
511.0,110.0,8.0,0.00036935645070177727
512.0,110.0,9.0,0.00036935645070177727
513.0,110.0,10.0,0.00034762960066049624
514.0,110.0,11.0,0.0003259027506192152
515.0,110.0,12.0,0.0002227002129231304
516.0,110.0,13.0,0.0002227002129231304
517.0,110.0,14.0,0.00021726850041281016
518.0,110.0,15.0,0.00010320253769608482
519.0,110.0,16.0,0.00015208795028896711
520.0,110.0,17.0,9.777082518576456e-05
521.0,110.0,18.0,0.00012492938773736584
522.0,110.0,19.0,9.233911267544432e-05
523.0,110.0,20.0,5.974883761352279e-05
524.0,110.0,21.0,5.974883761352279e-05
525.0,110.0,22.0,3.802198757224178e-05
526.0,110.0,23.0,1.629513753096076e-05
527.0,110.0,24.0,1.629513753096076e-05
528.0,110.0,25.0,2.1726850041281015e-05
529.0,115.0,3.0,0.0006355103637074697
530.0,115.0,4.0,0.0005920566636249076
531.0,115.0,5.0,0.000706122626341633
532.0,115.0,6.0,0.0006409420762177899
533.0,115.0,7.0,0.0004997175509494634
534.0,115.0,8.0,0.0003747881632120975
535.0,115.0,9.0,0.0003584930256811367
536.0,115.0,10.0,0.000342197888150176
537.0,115.0,11.0,0.0003150393255985747
538.0,115.0,12.0,0.0002933124755572937
539.0,115.0,13.0,0.00019554165037152912
540.0,115.0,14.0,0.00019010993786120888
541.0,115.0,15.0,0.00016838308781992787
542.0,115.0,16.0,0.00011949767522704558
543.0,115.0,17.0,9.233911267544432e-05
544.0,115.0,18.0,8.14756876548038e-05
545.0,115.0,19.0,5.431712510320254e-05
546.0,115.0,20.0,4.345370008256203e-05
547.0,115.0,21.0,7.604397514448356e-05
548.0,115.0,22.0,4.888541259288228e-05
549.0,115.0,23.0,3.802198757224178e-05
550.0,115.0,24.0,1.629513753096076e-05
551.0,115.0,25.0,1.0863425020640507e-05
552.0,120.0,3.0,0.0006029200886455482
553.0,120.0,4.0,0.0005648981010733064
554.0,120.0,5.0,0.0005757615260939469
555.0,120.0,6.0,0.0004779907009081823
556.0,120.0,7.0,0.00043996871333594055
557.0,120.0,8.0,0.00042367357580497977
558.0,120.0,9.0,0.0003747881632120975
559.0,120.0,10.0,0.0003747881632120975
560.0,120.0,11.0,0.00022813192543345067
561.0,120.0,12.0,0.00026072220049537216
562.0,120.0,13.0,0.0002009733628818494
563.0,120.0,14.0,0.00020640507539216964
564.0,120.0,15.0,0.00011949767522704558
565.0,120.0,16.0,8.690740016512406e-05
566.0,120.0,17.0,8.14756876548038e-05
567.0,120.0,18.0,0.00013579281275800635
568.0,120.0,19.0,9.233911267544432e-05
569.0,120.0,20.0,5.974883761352279e-05
570.0,120.0,21.0,9.233911267544432e-05
571.0,120.0,22.0,3.802198757224178e-05
572.0,120.0,23.0,3.802198757224178e-05
573.0,120.0,24.0,3.802198757224178e-05
574.0,120.0,25.0,1.0863425020640507e-05
575.0,125.0,3.0,0.0005757615260939469
576.0,125.0,4.0,0.0004616955633772216
577.0,125.0,5.0,0.0005377395385217052
578.0,125.0,6.0,0.0006300786511971494
579.0,125.0,7.0,0.0004345370008256203
580.0,125.0,8.0,0.0004182418632946595
581.0,125.0,9.0,0.0003530613131708165
582.0,125.0,10.0,0.0003313344631295355
583.0,125.0,11.0,0.000298744188067614
584.0,125.0,12.0,0.0002715856255160127
585.0,125.0,13.0,0.0002009733628818494
586.0,125.0,14.0,0.00015751966279928736
587.0,125.0,15.0,0.00016838308781992787
588.0,125.0,16.0,0.00011949767522704558
589.0,125.0,17.0,9.777082518576456e-05
590.0,125.0,18.0,9.233911267544432e-05
591.0,125.0,19.0,8.14756876548038e-05
592.0,125.0,20.0,7.06122626341633e-05
593.0,125.0,21.0,6.518055012384304e-05
594.0,125.0,22.0,6.518055012384304e-05
595.0,125.0,23.0,3.802198757224178e-05
596.0,125.0,24.0,3.802198757224178e-05
597.0,125.0,25.0,2.715856255160127e-05
598.0,130.0,3.0,0.00045083213835658104
599.0,130.0,4.0,0.0006192152261765089
600.0,130.0,5.0,0.0004616955633772216
601.0,130.0,6.0,0.00045083213835658104
602.0,130.0,7.0,0.00045626385086690134
603.0,130.0,8.0,0.0004019467257636988
604.0,130.0,9.0,0.00038021987572241776
605.0,130.0,10.0,0.0002933124755572937
606.0,130.0,11.0,0.0003313344631295355
607.0,130.0,12.0,0.00026072220049537216
608.0,130.0,13.0,0.00022813192543345067
609.0,130.0,14.0,0.00018467822535088863
610.0,130.0,15.0,0.0002227002129231304
611.0,130.0,16.0,0.00015208795028896711
612.0,130.0,17.0,0.0002009733628818494
613.0,130.0,18.0,0.00010320253769608482
614.0,130.0,19.0,6.518055012384304e-05
615.0,130.0,20.0,7.06122626341633e-05
616.0,130.0,21.0,8.690740016512406e-05
617.0,130.0,22.0,5.431712510320254e-05
618.0,130.0,23.0,5.974883761352279e-05
619.0,130.0,24.0,3.802198757224178e-05
620.0,130.0,25.0,3.802198757224178e-05
621.0,135.0,3.0,0.0005866249511145874
622.0,135.0,4.0,0.0006463737887281102
623.0,135.0,5.0,0.0005214444009907443
624.0,135.0,6.0,0.0005105809759701038
625.0,135.0,7.0,0.00043996871333594055
626.0,135.0,8.0,0.00040737843827401903
627.0,135.0,9.0,0.0003584930256811367
628.0,135.0,10.0,0.00028788076304697344
629.0,135.0,11.0,0.00036935645070177727
630.0,135.0,12.0,0.00021726850041281016
631.0,135.0,13.0,0.0001412245252683266
632.0,135.0,14.0,0.00018467822535088863
633.0,135.0,15.0,0.00016838308781992787
634.0,135.0,16.0,0.00019010993786120888
635.0,135.0,17.0,0.00013036110024768608
636.0,135.0,18.0,8.14756876548038e-05
637.0,135.0,19.0,5.974883761352279e-05
638.0,135.0,20.0,6.518055012384304e-05
639.0,135.0,21.0,7.06122626341633e-05
640.0,135.0,22.0,7.06122626341633e-05
641.0,135.0,23.0,3.802198757224178e-05
642.0,135.0,24.0,3.259027506192152e-05
643.0,135.0,25.0,5.431712510320254e-05
644.0,140.0,3.0,0.0006355103637074697
645.0,140.0,4.0,0.0006409420762177899
646.0,140.0,5.0,0.0005540346760526659
647.0,140.0,6.0,0.0005648981010733064
648.0,140.0,7.0,0.0005051492634597836
649.0,140.0,8.0,0.0005051492634597836
650.0,140.0,9.0,0.0003150393255985747
651.0,140.0,10.0,0.00040737843827401903
652.0,140.0,11.0,0.00030417590057793423
653.0,140.0,12.0,0.00023899535045409116
654.0,140.0,13.0,0.00018467822535088863
655.0,140.0,14.0,0.00019010993786120888
656.0,140.0,15.0,0.00010863425020640508
657.0,140.0,16.0,0.00014665623777864684
658.0,140.0,17.0,0.00010863425020640508
659.0,140.0,18.0,4.888541259288228e-05
660.0,140.0,19.0,7.06122626341633e-05
661.0,140.0,20.0,7.06122626341633e-05
662.0,140.0,21.0,7.06122626341633e-05
663.0,140.0,22.0,9.233911267544432e-05
664.0,140.0,23.0,6.518055012384304e-05
665.0,140.0,24.0,2.1726850041281015e-05
666.0,140.0,25.0,2.1726850041281015e-05
667.0,145.0,3.0,0.0007332811888932343
668.0,145.0,4.0,0.0006518055012384304
669.0,145.0,5.0,0.0006029200886455482
670.0,145.0,6.0,0.0006518055012384304
671.0,145.0,7.0,0.0005268761135010646
672.0,145.0,8.0,0.0005105809759701038
673.0,145.0,9.0,0.00040737843827401903
674.0,145.0,10.0,0.00028788076304697344
675.0,145.0,11.0,0.00026072220049537216
676.0,145.0,12.0,0.00027701733802633295
677.0,145.0,13.0,0.0002227002129231304
678.0,145.0,14.0,0.00017381480033024812
679.0,145.0,15.0,0.00015751966279928736
680.0,145.0,16.0,0.00010863425020640508
681.0,145.0,17.0,0.00015208795028896711
682.0,145.0,18.0,9.233911267544432e-05
683.0,145.0,19.0,5.431712510320254e-05
684.0,145.0,20.0,7.06122626341633e-05
685.0,145.0,21.0,5.431712510320254e-05
686.0,145.0,22.0,5.431712510320254e-05
687.0,145.0,23.0,8.690740016512406e-05
688.0,145.0,24.0,6.518055012384304e-05
689.0,145.0,25.0,2.1726850041281015e-05
690.0,150.0,3.0,0.0005377395385217052
691.0,150.0,4.0,0.0006952592013209925
692.0,150.0,5.0,0.0006952592013209925
693.0,150.0,6.0,0.0007387129014035545
694.0,150.0,7.0,0.0005703298135836266
695.0,150.0,8.0,0.0005920566636249076
696.0,150.0,9.0,0.000385651588232738
697.0,150.0,10.0,0.000342197888150176
698.0,150.0,11.0,0.00032047103810889496
699.0,150.0,12.0,0.0003150393255985747
700.0,150.0,13.0,0.0002498587754747317
701.0,150.0,14.0,0.00018467822535088863
702.0,150.0,15.0,0.00017924651284056836
703.0,150.0,16.0,0.00015751966279928736
704.0,150.0,17.0,0.00016838308781992787
705.0,150.0,18.0,7.06122626341633e-05
706.0,150.0,19.0,0.00011406596271672534
707.0,150.0,20.0,4.345370008256203e-05
708.0,150.0,21.0,5.431712510320254e-05
709.0,150.0,22.0,7.06122626341633e-05
710.0,150.0,23.0,5.431712510320254e-05
711.0,150.0,24.0,4.345370008256203e-05
712.0,150.0,25.0,4.345370008256203e-05
713.0,155.0,3.0,0.000684395776300352
714.0,155.0,4.0,0.0006355103637074697
715.0,155.0,5.0,0.0006735323512797115
716.0,155.0,6.0,0.0006300786511971494
717.0,155.0,7.0,0.0006029200886455482
718.0,155.0,8.0,0.0004997175509494634
719.0,155.0,9.0,0.0004725589883978621
720.0,155.0,10.0,0.00032047103810889496
721.0,155.0,11.0,0.0003530613131708165
722.0,155.0,12.0,0.00027701733802633295
723.0,155.0,13.0,0.00023899535045409116
724.0,155.0,14.0,0.00020640507539216964
725.0,155.0,15.0,0.00021726850041281016
726.0,155.0,16.0,0.00013579281275800635
727.0,155.0,17.0,0.00014665623777864684
728.0,155.0,18.0,0.00015208795028896711
729.0,155.0,19.0,0.00019554165037152912
730.0,155.0,20.0,8.690740016512406e-05
731.0,155.0,21.0,8.14756876548038e-05
732.0,155.0,22.0,0.00011406596271672534
733.0,155.0,23.0,7.604397514448356e-05
734.0,155.0,24.0,6.518055012384304e-05
735.0,155.0,25.0,6.518055012384304e-05
736.0,160.0,3.0,0.0006300786511971494
737.0,160.0,4.0,0.000684395776300352
738.0,160.0,5.0,0.000684395776300352
739.0,160.0,6.0,0.0007658714639551558
740.0,160.0,7.0,0.0007115543388519532
741.0,160.0,8.0,0.0006518055012384304
742.0,160.0,9.0,0.0004779907009081823
743.0,160.0,10.0,0.0004888541259288229
744.0,160.0,11.0,0.00030960761308825447
745.0,160.0,12.0,0.00042367357580497977
746.0,160.0,13.0,0.000298744188067614
747.0,160.0,14.0,0.0002227002129231304
748.0,160.0,15.0,0.0002715856255160127
749.0,160.0,16.0,0.00024442706296441143
750.0,160.0,17.0,0.00021183678790248988
751.0,160.0,18.0,0.00010863425020640508
752.0,160.0,19.0,0.00017924651284056836
753.0,160.0,20.0,0.00017381480033024812
754.0,160.0,21.0,0.00010320253769608482
755.0,160.0,22.0,0.0001412245252683266
756.0,160.0,23.0,5.974883761352279e-05
757.0,160.0,24.0,0.00015208795028896711
758.0,160.0,25.0,7.06122626341633e-05
759.0,165.0,3.0,0.000727849476382914
760.0,165.0,4.0,0.000749576326424195
761.0,165.0,5.0,0.0008147568765480381
762.0,165.0,6.0,0.0007984617390170773
763.0,165.0,7.0,0.0008038934515273976
764.0,165.0,8.0,0.0005866249511145874
765.0,165.0,9.0,0.0005486029635423457
766.0,165.0,10.0,0.0005377395385217052
767.0,165.0,11.0,0.0005051492634597836
768.0,165.0,12.0,0.0003584930256811367
769.0,165.0,13.0,0.00039108330074305825
770.0,165.0,14.0,0.0003747881632120975
771.0,165.0,15.0,0.00026072220049537216
772.0,165.0,16.0,0.00023899535045409116
773.0,165.0,17.0,0.00021726850041281016
774.0,165.0,18.0,0.0001412245252683266
775.0,165.0,19.0,0.0002227002129231304
776.0,165.0,20.0,0.00015208795028896711
777.0,165.0,21.0,0.00011406596271672534
778.0,165.0,22.0,0.00010863425020640508
779.0,165.0,23.0,0.0001412245252683266
780.0,165.0,24.0,8.14756876548038e-05
781.0,165.0,25.0,4.345370008256203e-05
782.0,170.0,3.0,0.0006355103637074697
783.0,170.0,4.0,0.0007604397514448355
784.0,170.0,5.0,0.0008256203015686786
785.0,170.0,6.0,0.0007984617390170773
786.0,170.0,7.0,0.000983139964367966
787.0,170.0,8.0,0.0007332811888932343
788.0,170.0,9.0,0.0005703298135836266
789.0,170.0,10.0,0.0004997175509494634
790.0,170.0,11.0,0.0004997175509494634
791.0,170.0,12.0,0.0004128101507843393
792.0,170.0,13.0,0.00033676617563985575
793.0,170.0,14.0,0.000298744188067614
794.0,170.0,15.0,0.00024442706296441143
795.0,170.0,16.0,0.00016838308781992787
796.0,170.0,17.0,0.0002498587754747317
797.0,170.0,18.0,0.0002009733628818494
798.0,170.0,19.0,0.0002009733628818494
799.0,170.0,20.0,0.00019010993786120888
800.0,170.0,21.0,0.0001412245252683266
801.0,170.0,22.0,0.00010863425020640508
802.0,170.0,23.0,0.00010863425020640508
803.0,170.0,24.0,0.0001629513753096076
804.0,170.0,25.0,0.00010320253769608482
805.0,175.0,3.0,0.0007604397514448355
806.0,175.0,4.0,0.0009668448268370051
807.0,175.0,5.0,0.0008527788641202799
808.0,175.0,6.0,0.0010537522270021291
809.0,175.0,7.0,0.0009559814018163646
810.0,175.0,8.0,0.0008908008516925216
811.0,175.0,9.0,0.0007550080389345153
812.0,175.0,10.0,0.000749576326424195
813.0,175.0,11.0,0.0005323078260113848
814.0,175.0,12.0,0.0006681006387693913
815.0,175.0,13.0,0.0005051492634597836
816.0,175.0,14.0,0.00046712727588754183
817.0,175.0,15.0,0.00032047103810889496
818.0,175.0,16.0,0.0003313344631295355
819.0,175.0,17.0,0.0002715856255160127
820.0,175.0,18.0,0.00023356363794377092
821.0,175.0,19.0,0.00019554165037152912
822.0,175.0,20.0,0.00011949767522704558
823.0,175.0,21.0,0.00015208795028896711
824.0,175.0,22.0,0.00011406596271672534
825.0,175.0,23.0,0.00014665623777864684
826.0,175.0,24.0,0.00010320253769608482
827.0,175.0,25.0,0.00011949767522704558
828.0,180.0,3.0,0.0008745057141615609
829.0,180.0,4.0,0.0009070959892234823
830.0,180.0,5.0,0.0010211619519402077
831.0,180.0,6.0,0.0009722765393473254
832.0,180.0,7.0,0.0009342545517750837
833.0,180.0,8.0,0.0008799374266718811
834.0,180.0,9.0,0.0008799374266718811
835.0,180.0,10.0,0.0008419154390996393
836.0,180.0,11.0,0.0007821666014861165
837.0,180.0,12.0,0.0007006909138313127
838.0,180.0,13.0,0.0005323078260113848
839.0,180.0,14.0,0.0006192152261765089
840.0,180.0,15.0,0.00045083213835658104
841.0,180.0,16.0,0.0004182418632946595
842.0,180.0,17.0,0.00034762960066049624
843.0,180.0,18.0,0.00034762960066049624
844.0,180.0,19.0,0.00017924651284056836
845.0,180.0,20.0,0.0002715856255160127
846.0,180.0,21.0,0.0002933124755572937
847.0,180.0,22.0,0.00016838308781992787
848.0,180.0,23.0,0.0001412245252683266
849.0,180.0,24.0,0.0001629513753096076
850.0,180.0,25.0,9.233911267544432e-05
851.0,185.0,3.0,0.0008038934515273976
852.0,185.0,4.0,0.0008799374266718811
853.0,185.0,5.0,0.0009885716768782862
854.0,185.0,6.0,0.0009179594142441229
855.0,185.0,7.0,0.0009940033893886065
856.0,185.0,8.0,0.0009288228392647634
857.0,185.0,9.0,0.001135227914656933
858.0,185.0,10.0,0.0008636422891409204
859.0,185.0,11.0,0.0007984617390170773
860.0,185.0,12.0,0.000749576326424195
861.0,185.0,13.0,0.0007984617390170773
862.0,185.0,14.0,0.0005866249511145874
863.0,185.0,15.0,0.0006083518011558685
864.0,185.0,16.0,0.0006300786511971494
865.0,185.0,17.0,0.00038021987572241776
866.0,185.0,18.0,0.0002933124755572937
867.0,185.0,19.0,0.00019554165037152912
868.0,185.0,20.0,0.00021726850041281016
869.0,185.0,21.0,0.0002498587754747317
870.0,185.0,22.0,0.00019554165037152912
871.0,185.0,23.0,0.00020640507539216964
872.0,185.0,24.0,0.00021183678790248988
873.0,185.0,25.0,7.06122626341633e-05
874.0,190.0,3.0,0.0008527788641202799
875.0,190.0,4.0,0.0009722765393473254
876.0,190.0,5.0,0.0009722765393473254
877.0,190.0,6.0,0.001113501064615652
878.0,190.0,7.0,0.0009885716768782862
879.0,190.0,8.0,0.0009722765393473254
880.0,190.0,9.0,0.001178681614739495
881.0,190.0,10.0,0.0009722765393473254
882.0,190.0,11.0,0.0009451179767957242
883.0,190.0,12.0,0.0010374570894711684
884.0,190.0,13.0,0.0009614131143266849
885.0,190.0,14.0,0.0009125277017338027
886.0,190.0,15.0,0.0007658714639551558
887.0,190.0,16.0,0.0006246469386868292
888.0,190.0,17.0,0.0005594663885629861
889.0,190.0,18.0,0.0004182418632946595
890.0,190.0,19.0,0.00034762960066049624
891.0,190.0,20.0,0.0002498587754747317
892.0,190.0,21.0,0.0002933124755572937
893.0,190.0,22.0,0.0002498587754747317
894.0,190.0,23.0,0.00017924651284056836
895.0,190.0,24.0,0.00013036110024768608
896.0,190.0,25.0,0.00012492938773736584
897.0,195.0,3.0,0.000706122626341633
898.0,195.0,4.0,0.0008582105766306001
899.0,195.0,5.0,0.0009559814018163646
900.0,195.0,6.0,0.0009559814018163646
901.0,195.0,7.0,0.0012438621648633381
902.0,195.0,8.0,0.0014013818276626254
903.0,195.0,9.0,0.001325337852518142
904.0,195.0,10.0,0.0012492938773736584
905.0,195.0,11.0,0.0011895450397601355
906.0,195.0,12.0,0.00107004736453309
907.0,195.0,13.0,0.0011732499022291747
908.0,195.0,14.0,0.0009233911267544432
909.0,195.0,15.0,0.0009342545517750837
910.0,195.0,16.0,0.0007984617390170773
911.0,195.0,17.0,0.000727849476382914
912.0,195.0,18.0,0.0004997175509494634
913.0,195.0,19.0,0.0005214444009907443
914.0,195.0,20.0,0.000342197888150176
915.0,195.0,21.0,0.00030417590057793423
916.0,195.0,22.0,0.00023899535045409116
917.0,195.0,23.0,0.00015751966279928736
918.0,195.0,24.0,0.00018467822535088863
919.0,195.0,25.0,0.00012492938773736584
920.0,200.0,3.0,0.0008419154390996393
921.0,200.0,4.0,0.0010374570894711684
922.0,200.0,5.0,0.001026593664450528
923.0,200.0,6.0,0.0011406596271672533
924.0,200.0,7.0,0.0012547255898839786
925.0,200.0,8.0,0.001347064702559423
926.0,200.0,9.0,0.0013579281275800635
927.0,200.0,10.0,0.0011841133272498152
928.0,200.0,11.0,0.0012927475774562203
929.0,200.0,12.0,0.0011406596271672533
930.0,200.0,13.0,0.00107004736453309
931.0,200.0,14.0,0.001113501064615652
932.0,200.0,15.0,0.0009016642767131621
933.0,200.0,16.0,0.0009070959892234823
934.0,200.0,17.0,0.0008147568765480381
935.0,200.0,18.0,0.0005811932386042671
936.0,200.0,19.0,0.0004616955633772216
937.0,200.0,20.0,0.0005214444009907443
938.0,200.0,21.0,0.0004128101507843393
939.0,200.0,22.0,0.0002933124755572937
940.0,200.0,23.0,0.00017924651284056836
941.0,200.0,24.0,0.00017924651284056836
942.0,200.0,25.0,0.00015208795028896711
943.0,205.0,3.0,0.0007604397514448355
944.0,205.0,4.0,0.0009288228392647634
945.0,205.0,5.0,0.001309042714987181
946.0,205.0,6.0,0.0011895450397601355
947.0,205.0,7.0,0.0013796549776213445
948.0,205.0,8.0,0.0013362012775387825
949.0,205.0,9.0,0.0015914917655238344
950.0,205.0,10.0,0.001455698952765828
951.0,205.0,11.0,0.0011732499022291747
952.0,205.0,12.0,0.0014285403902142267
953.0,205.0,13.0,0.0011406596271672533
954.0,205.0,14.0,0.0012275670273323774
955.0,205.0,15.0,0.0011243644896362925
956.0,205.0,16.0,0.0009614131143266849
957.0,205.0,17.0,0.0009179594142441229
958.0,205.0,18.0,0.0007930300265067571
959.0,205.0,19.0,0.0007550080389345153
960.0,205.0,20.0,0.000597488376135228
961.0,205.0,21.0,0.0005051492634597836
962.0,205.0,22.0,0.00036935645070177727
963.0,205.0,23.0,0.00032047103810889496
964.0,205.0,24.0,0.0002009733628818494
965.0,205.0,25.0,0.00019554165037152912
966.0,210.0,3.0,0.0007224177638725938
967.0,210.0,4.0,0.0009777082518576457
968.0,210.0,5.0,0.0011243644896362925
969.0,210.0,6.0,0.0012058401772910964
970.0,210.0,7.0,0.0015317429279103115
971.0,210.0,8.0,0.0013850866901316647
972.0,210.0,9.0,0.0015317429279103115
973.0,210.0,10.0,0.0015100160778690305
974.0,210.0,11.0,0.0014394038152348671
975.0,210.0,12.0,0.001412245252683266
976.0,210.0,13.0,0.0013307695650284623
977.0,210.0,14.0,0.0013416329900491028
978.0,210.0,15.0,0.0011406596271672533
979.0,210.0,16.0,0.0011460913396775735
980.0,210.0,17.0,0.0011080693521053318
981.0,210.0,18.0,0.0011243644896362925
982.0,210.0,19.0,0.0008473471516099595
983.0,210.0,20.0,0.0007767348889757962
984.0,210.0,21.0,0.0004616955633772216
985.0,210.0,22.0,0.0004128101507843393
986.0,210.0,23.0,0.000342197888150176
987.0,210.0,24.0,0.00028788076304697344
988.0,210.0,25.0,0.00017381480033024812
989.0,215.0,3.0,0.0008527788641202799
990.0,215.0,4.0,0.0010428888019814887
991.0,215.0,5.0,0.001178681614739495
992.0,215.0,6.0,0.001309042714987181
993.0,215.0,7.0,0.0015534697779515925
994.0,215.0,8.0,0.0014665623777864686
995.0,215.0,9.0,0.0015969234780341547
996.0,215.0,10.0,0.001542606352930952
997.0,215.0,11.0,0.00149915265284839
998.0,215.0,12.0,0.001433972102724547
999.0,215.0,13.0,0.0015697649154825532
1000.0,215.0,14.0,0.001412245252683266
1001.0,215.0,15.0,0.0011732499022291747
1002.0,215.0,16.0,0.0011460913396775735
1003.0,215.0,17.0,0.0012329987398426976
1004.0,215.0,18.0,0.0011080693521053318
1005.0,215.0,19.0,0.0009233911267544432
1006.0,215.0,20.0,0.0007658714639551558
1007.0,215.0,21.0,0.0007169860513622735
1008.0,215.0,22.0,0.0004616955633772216
1009.0,215.0,23.0,0.000342197888150176
1010.0,215.0,24.0,0.00021726850041281016
1011.0,215.0,25.0,0.00014665623777864684
1012.0,220.0,3.0,0.0007930300265067571
1013.0,220.0,4.0,0.0009233911267544432
1014.0,220.0,5.0,0.0013144744274975013
1015.0,220.0,6.0,0.0015263112153999913
1016.0,220.0,7.0,0.001520879502889671
1017.0,220.0,8.0,0.001477425802807109
1018.0,220.0,9.0,0.001477425802807109
1019.0,220.0,10.0,0.0015154477903793508
1020.0,220.0,11.0,0.0014013818276626254
1021.0,220.0,12.0,0.0016132186155651154
1022.0,220.0,13.0,0.001580628340503194
1023.0,220.0,14.0,0.0014882892278277496
1024.0,220.0,15.0,0.0013144744274975013
1025.0,220.0,16.0,0.0013144744274975013
1026.0,220.0,17.0,0.0011841133272498152
1027.0,220.0,18.0,0.0009233911267544432
1028.0,220.0,19.0,0.0009288228392647634
1029.0,220.0,20.0,0.0008473471516099595
1030.0,220.0,21.0,0.0006029200886455482
1031.0,220.0,22.0,0.0004345370008256203
1032.0,220.0,23.0,0.0003259027506192152
1033.0,220.0,24.0,0.00013036110024768608
1034.0,220.0,25.0,0.00012492938773736584
1035.0,225.0,3.0,0.0007441446139138748
1036.0,225.0,4.0,0.001113501064615652
1037.0,225.0,5.0,0.0011515230521878938
1038.0,225.0,6.0,0.0014665623777864686
1039.0,225.0,7.0,0.0014719940902967888
1040.0,225.0,8.0,0.001433972102724547
1041.0,225.0,9.0,0.0013850866901316647
1042.0,225.0,10.0,0.0016077869030547952
1043.0,225.0,11.0,0.0014448355277451876
1044.0,225.0,12.0,0.0015371746404206318
1045.0,225.0,13.0,0.0014176769651935862
1046.0,225.0,14.0,0.0014665623777864686
1047.0,225.0,15.0,0.0014285403902142267
1048.0,225.0,16.0,0.0014231086777039064
1049.0,225.0,17.0,0.0010754790770434103
1050.0,225.0,18.0,0.0010428888019814887
1051.0,225.0,19.0,0.0007115543388519532
1052.0,225.0,20.0,0.0005105809759701038
1053.0,225.0,21.0,0.00046712727588754183
1054.0,225.0,22.0,0.00033676617563985575
1055.0,225.0,23.0,0.00016838308781992787
1056.0,225.0,24.0,0.00011949767522704558
1057.0,225.0,25.0,0.00011406596271672534
1058.0,230.0,3.0,0.0007930300265067571
1059.0,230.0,4.0,0.0010102985269195672
1060.0,230.0,5.0,0.0012927475774562203
1061.0,230.0,6.0,0.0015154477903793508
1062.0,230.0,7.0,0.0015914917655238344
1063.0,230.0,8.0,0.0015534697779515925
1064.0,230.0,9.0,0.0015263112153999913
1065.0,230.0,10.0,0.0014285403902142267
1066.0,230.0,11.0,0.0016458088906270369
1067.0,230.0,12.0,0.001347064702559423
1068.0,230.0,13.0,0.0013796549776213445
1069.0,230.0,14.0,0.0014176769651935862
1070.0,230.0,15.0,0.0012655890149046191
1071.0,230.0,16.0,0.0010374570894711684
1072.0,230.0,17.0,0.001026593664450528
1073.0,230.0,18.0,0.000749576326424195
1074.0,230.0,19.0,0.0007332811888932343
1075.0,230.0,20.0,0.0005431712510320254
1076.0,230.0,21.0,0.0003150393255985747
1077.0,230.0,22.0,0.00021183678790248988
1078.0,230.0,23.0,0.00010320253769608482
1079.0,230.0,24.0,8.690740016512406e-05
1080.0,230.0,25.0,6.518055012384304e-05
1081.0,235.0,3.0,0.0007930300265067571
1082.0,235.0,4.0,0.001004866814409247
1083.0,235.0,5.0,0.001178681614739495
1084.0,235.0,6.0,0.001325337852518142
1085.0,235.0,7.0,0.001580628340503194
1086.0,235.0,8.0,0.0015697649154825532
1087.0,235.0,9.0,0.0014013818276626254
1088.0,235.0,10.0,0.0012927475774562203
1089.0,235.0,11.0,0.0013524964150697432
1090.0,235.0,12.0,0.0010320253769608482
1091.0,235.0,13.0,0.0012329987398426976
1092.0,235.0,14.0,0.0012221353148220572
1093.0,235.0,15.0,0.0010102985269195672
1094.0,235.0,16.0,0.0008147568765480381
1095.0,235.0,17.0,0.0006898274888106722
1096.0,235.0,18.0,0.0007441446139138748
1097.0,235.0,19.0,0.0005431712510320254
1098.0,235.0,20.0,0.0003747881632120975
1099.0,235.0,21.0,0.0002715856255160127
1100.0,235.0,22.0,0.0001629513753096076
1101.0,235.0,23.0,0.00010320253769608482
1102.0,235.0,24.0,4.345370008256203e-05
1103.0,235.0,25.0,2.715856255160127e-05
1104.0,240.0,3.0,0.0008310520140789988
1105.0,240.0,4.0,0.0009722765393473254
1106.0,240.0,5.0,0.0011189327771259723
1107.0,240.0,6.0,0.0013579281275800635
1108.0,240.0,7.0,0.0015371746404206318
1109.0,240.0,8.0,0.001347064702559423
1110.0,240.0,9.0,0.0012492938773736584
1111.0,240.0,10.0,0.0014285403902142267
1112.0,240.0,11.0,0.0012438621648633381
1113.0,240.0,12.0,0.0011678181897188545
1114.0,240.0,13.0,0.0011297962021466128
1115.0,240.0,14.0,0.001156954764698214
1116.0,240.0,15.0,0.0009994351018989267
1117.0,240.0,16.0,0.000706122626341633
1118.0,240.0,17.0,0.0005866249511145874
1119.0,240.0,18.0,0.0005268761135010646
1120.0,240.0,19.0,0.00042910528831530007
1121.0,240.0,20.0,0.000298744188067614
1122.0,240.0,21.0,0.00015751966279928736
1123.0,240.0,22.0,0.0001412245252683266
1124.0,240.0,23.0,7.604397514448356e-05
1125.0,240.0,24.0,1.629513753096076e-05
1126.0,240.0,25.0,1.629513753096076e-05
1127.0,245.0,3.0,0.0008147568765480381
1128.0,245.0,4.0,0.0009342545517750837
1129.0,245.0,5.0,0.0011460913396775735
1130.0,245.0,6.0,0.0014013818276626254
1131.0,245.0,7.0,0.001347064702559423
1132.0,245.0,8.0,0.0012547255898839786
1133.0,245.0,9.0,0.0013524964150697432
1134.0,245.0,10.0,0.0014448355277451876
1135.0,245.0,11.0,0.001178681614739495
1136.0,245.0,12.0,0.0011678181897188545
1137.0,245.0,13.0,0.0011732499022291747
1138.0,245.0,14.0,0.0009505496893060444
1139.0,245.0,15.0,0.0006735323512797115
1140.0,245.0,16.0,0.0006409420762177899
1141.0,245.0,17.0,0.0004997175509494634
1142.0,245.0,18.0,0.0002552904879850519
1143.0,245.0,19.0,0.00027701733802633295
1144.0,245.0,20.0,0.00020640507539216964
1145.0,245.0,21.0,0.00013036110024768608
1146.0,245.0,22.0,3.802198757224178e-05
1147.0,245.0,23.0,5.431712510320254e-05
1148.0,245.0,24.0,2.1726850041281015e-05
1149.0,245.0,25.0,5.431712510320254e-06
1150.0,250.0,3.0,0.0008201885890583583
1151.0,250.0,4.0,0.0008908008516925216
1152.0,250.0,5.0,0.001026593664450528
1153.0,250.0,6.0,0.0013633598400903837
1154.0,250.0,7.0,0.0012710207274149394
1155.0,250.0,8.0,0.0012981792899665406
1156.0,250.0,9.0,0.0013633598400903837
1157.0,250.0,10.0,0.0012764524399252596
1158.0,250.0,11.0,0.0011678181897188545
1159.0,250.0,12.0,0.001216703602311737
1160.0,250.0,13.0,0.0008636422891409204
1161.0,250.0,14.0,0.0010211619519402077
1162.0,250.0,15.0,0.0007332811888932343
1163.0,250.0,16.0,0.0005323078260113848
1164.0,250.0,17.0,0.0003530613131708165
1165.0,250.0,18.0,0.00027701733802633295
1166.0,250.0,19.0,0.00024442706296441143
1167.0,250.0,20.0,0.00019010993786120888
1168.0,250.0,21.0,7.604397514448356e-05
1169.0,250.0,22.0,7.06122626341633e-05
1170.0,250.0,23.0,4.345370008256203e-05
1171.0,250.0,24.0,2.1726850041281015e-05
1172.0,250.0,25.0,5.431712510320254e-06
1173.0,255.0,3.0,0.0007115543388519532
1174.0,255.0,4.0,0.0009233911267544432
1175.0,255.0,5.0,0.0011406596271672533
1176.0,255.0,6.0,0.001113501064615652
1177.0,255.0,7.0,0.0012058401772910964
1178.0,255.0,8.0,0.0012112718898014167
1179.0,255.0,9.0,0.0014231086777039064
1180.0,255.0,10.0,0.0012384304523530179
1181.0,255.0,11.0,0.0011080693521053318
1182.0,255.0,12.0,0.0010537522270021291
1183.0,255.0,13.0,0.0008093251640377178
1184.0,255.0,14.0,0.0007658714639551558
1185.0,255.0,15.0,0.0006029200886455482
1186.0,255.0,16.0,0.0004019467257636988
1187.0,255.0,17.0,0.000342197888150176
1188.0,255.0,18.0,0.00030417590057793423
1189.0,255.0,19.0,0.00023356363794377092
1190.0,255.0,20.0,0.00011949767522704558
1191.0,255.0,21.0,9.777082518576456e-05
1192.0,255.0,22.0,3.802198757224178e-05
1193.0,255.0,23.0,5.431712510320254e-05
1194.0,255.0,24.0,4.345370008256203e-05
1195.0,255.0,25.0,1.629513753096076e-05
1196.0,260.0,3.0,0.0006463737887281102
1197.0,260.0,4.0,0.0009614131143266849
1198.0,260.0,5.0,0.0010809107895537306
1199.0,260.0,6.0,0.0012275670273323774
1200.0,260.0,7.0,0.0012438621648633381
1201.0,260.0,8.0,0.0013307695650284623
1202.0,260.0,9.0,0.0012655890149046191
1203.0,260.0,10.0,0.00107004736453309
1204.0,260.0,11.0,0.0011297962021466128
1205.0,260.0,12.0,0.0009070959892234823
1206.0,260.0,13.0,0.0007767348889757962
1207.0,260.0,14.0,0.0008690740016512406
1208.0,260.0,15.0,0.0006681006387693913
1209.0,260.0,16.0,0.0004616955633772216
1210.0,260.0,17.0,0.0003259027506192152
1211.0,260.0,18.0,0.00021726850041281016
1212.0,260.0,19.0,0.00011406596271672534
1213.0,260.0,20.0,7.604397514448356e-05
1214.0,260.0,21.0,4.888541259288228e-05
1215.0,260.0,22.0,4.345370008256203e-05
1216.0,260.0,23.0,5.431712510320254e-05
1217.0,260.0,24.0,2.1726850041281015e-05
1218.0,260.0,25.0,2.1726850041281015e-05
1219.0,265.0,3.0,0.0007115543388519532
1220.0,265.0,4.0,0.0008908008516925216
1221.0,265.0,5.0,0.0009342545517750837
1222.0,265.0,6.0,0.0011460913396775735
1223.0,265.0,7.0,0.0012492938773736584
1224.0,265.0,8.0,0.0013959501151523052
1225.0,265.0,9.0,0.0013524964150697432
1226.0,265.0,10.0,0.0012275670273323774
1227.0,265.0,11.0,0.0008908008516925216
1228.0,265.0,12.0,0.0009342545517750837
1229.0,265.0,13.0,0.0008147568765480381
1230.0,265.0,14.0,0.0008908008516925216
1231.0,265.0,15.0,0.000662668926259071
1232.0,265.0,16.0,0.00045083213835658104
1233.0,265.0,17.0,0.00033676617563985575
1234.0,265.0,18.0,0.0002552904879850519
1235.0,265.0,19.0,0.00019010993786120888
1236.0,265.0,20.0,0.00011949767522704558
1237.0,265.0,21.0,7.06122626341633e-05
1238.0,265.0,22.0,7.06122626341633e-05
1239.0,265.0,23.0,3.802198757224178e-05
1240.0,265.0,24.0,3.802198757224178e-05
1241.0,265.0,25.0,1.629513753096076e-05
1242.0,270.0,3.0,0.0007604397514448355
1243.0,270.0,4.0,0.0008147568765480381
1244.0,270.0,5.0,0.0009994351018989267
1245.0,270.0,6.0,0.0011026376395950116
1246.0,270.0,7.0,0.0012981792899665406
1247.0,270.0,8.0,0.0013036110024768608
1248.0,270.0,9.0,0.0011243644896362925
1249.0,270.0,10.0,0.0012655890149046191
1250.0,270.0,11.0,0.0011460913396775735
1251.0,270.0,12.0,0.0009288228392647634
1252.0,270.0,13.0,0.0008690740016512406
1253.0,270.0,14.0,0.0008473471516099595
1254.0,270.0,15.0,0.0008310520140789988
1255.0,270.0,16.0,0.0007006909138313127
1256.0,270.0,17.0,0.0004345370008256203
1257.0,270.0,18.0,0.00028788076304697344
1258.0,270.0,19.0,0.0002498587754747317
1259.0,270.0,20.0,0.00014665623777864684
1260.0,270.0,21.0,0.00011406596271672534
1261.0,270.0,22.0,0.00012492938773736584
1262.0,270.0,23.0,7.604397514448356e-05
1263.0,270.0,24.0,7.06122626341633e-05
1264.0,270.0,25.0,2.715856255160127e-05
1265.0,275.0,3.0,0.0007821666014861165
1266.0,275.0,4.0,0.0008147568765480381
1267.0,275.0,5.0,0.0011460913396775735
1268.0,275.0,6.0,0.0010537522270021291
1269.0,275.0,7.0,0.0013199061400078218
1270.0,275.0,8.0,0.0012112718898014167
1271.0,275.0,9.0,0.0012112718898014167
1272.0,275.0,10.0,0.0012981792899665406
1273.0,275.0,11.0,0.0012058401772910964
1274.0,275.0,12.0,0.0009885716768782862
1275.0,275.0,13.0,0.0008038934515273976
1276.0,275.0,14.0,0.0006952592013209925
1277.0,275.0,15.0,0.0007387129014035545
1278.0,275.0,16.0,0.0006083518011558685
1279.0,275.0,17.0,0.0004345370008256203
1280.0,275.0,18.0,0.0004128101507843393
1281.0,275.0,19.0,0.0002227002129231304
1282.0,275.0,20.0,0.0002498587754747317
1283.0,275.0,21.0,0.00013579281275800635
1284.0,275.0,22.0,0.00013036110024768608
1285.0,275.0,23.0,8.690740016512406e-05
1286.0,275.0,24.0,1.629513753096076e-05
1287.0,275.0,25.0,2.1726850041281015e-05
1288.0,280.0,3.0,0.0007767348889757962
1289.0,280.0,4.0,0.0008256203015686786
1290.0,280.0,5.0,0.0009668448268370051
1291.0,280.0,6.0,0.001004866814409247
1292.0,280.0,7.0,0.0012873158649459
1293.0,280.0,8.0,0.0012818841524355798
1294.0,280.0,9.0,0.0013036110024768608
1295.0,280.0,10.0,0.001156954764698214
1296.0,280.0,11.0,0.0011460913396775735
1297.0,280.0,12.0,0.001004866814409247
1298.0,280.0,13.0,0.000836483726589319
1299.0,280.0,14.0,0.0008473471516099595
1300.0,280.0,15.0,0.0008962325642028418
1301.0,280.0,16.0,0.0006518055012384304
1302.0,280.0,17.0,0.0004128101507843393
1303.0,280.0,18.0,0.00038021987572241776
1304.0,280.0,19.0,0.00028788076304697344
1305.0,280.0,20.0,0.00021183678790248988
1306.0,280.0,21.0,0.00012492938773736584
1307.0,280.0,22.0,8.14756876548038e-05
1308.0,280.0,23.0,5.431712510320254e-05
1309.0,280.0,24.0,1.629513753096076e-05
1310.0,280.0,25.0,3.802198757224178e-05
1311.0,285.0,3.0,0.0007224177638725938
1312.0,285.0,4.0,0.0008690740016512406
1313.0,285.0,5.0,0.0008799374266718811
1314.0,285.0,6.0,0.0010157302394298874
1315.0,285.0,7.0,0.0011841133272498152
1316.0,285.0,8.0,0.0013362012775387825
1317.0,285.0,9.0,0.001347064702559423
1318.0,285.0,10.0,0.0011515230521878938
1319.0,285.0,11.0,0.0012329987398426976
1320.0,285.0,12.0,0.001004866814409247
1321.0,285.0,13.0,0.0008201885890583583
1322.0,285.0,14.0,0.0008419154390996393
1323.0,285.0,15.0,0.0007332811888932343
1324.0,285.0,16.0,0.0006083518011558685
1325.0,285.0,17.0,0.00036935645070177727
1326.0,285.0,18.0,0.0003150393255985747
1327.0,285.0,19.0,0.00021726850041281016
1328.0,285.0,20.0,0.00013579281275800635
1329.0,285.0,21.0,0.00014665623777864684
1330.0,285.0,22.0,6.518055012384304e-05
1331.0,285.0,23.0,3.259027506192152e-05
1332.0,285.0,24.0,2.1726850041281015e-05
1333.0,285.0,25.0,2.1726850041281015e-05
1334.0,290.0,3.0,0.0006137835136661887
1335.0,290.0,4.0,0.0008256203015686786
1336.0,290.0,5.0,0.0008582105766306001
1337.0,290.0,6.0,0.0010428888019814887
1338.0,290.0,7.0,0.0012873158649459
1339.0,290.0,8.0,0.0013850866901316647
1340.0,290.0,9.0,0.001347064702559423
1341.0,290.0,10.0,0.0011732499022291747
1342.0,290.0,11.0,0.0011732499022291747
1343.0,290.0,12.0,0.001026593664450528
1344.0,290.0,13.0,0.0009451179767957242
1345.0,290.0,14.0,0.000836483726589319
1346.0,290.0,15.0,0.000771303176465476
1347.0,290.0,16.0,0.0005866249511145874
1348.0,290.0,17.0,0.00039108330074305825
1349.0,290.0,18.0,0.0002552904879850519
1350.0,290.0,19.0,0.00023899535045409116
1351.0,290.0,20.0,0.00018467822535088863
1352.0,290.0,21.0,0.00015751966279928736
1353.0,290.0,22.0,6.518055012384304e-05
1354.0,290.0,23.0,8.14756876548038e-05
1355.0,290.0,24.0,7.604397514448356e-05
1356.0,290.0,25.0,3.259027506192152e-05
1357.0,295.0,3.0,0.000662668926259071
1358.0,295.0,4.0,0.0008038934515273976
1359.0,295.0,5.0,0.0009179594142441229
1360.0,295.0,6.0,0.0010102985269195672
1361.0,295.0,7.0,0.0012438621648633381
1362.0,295.0,8.0,0.00107004736453309
1363.0,295.0,9.0,0.0012873158649459
1364.0,295.0,10.0,0.0011841133272498152
1365.0,295.0,11.0,0.0011460913396775735
1366.0,295.0,12.0,0.0009614131143266849
1367.0,295.0,13.0,0.0009125277017338027
1368.0,295.0,14.0,0.0008038934515273976
1369.0,295.0,15.0,0.000771303176465476
1370.0,295.0,16.0,0.0005214444009907443
1371.0,295.0,17.0,0.0003530613131708165
1372.0,295.0,18.0,0.0003313344631295355
1373.0,295.0,19.0,0.00020640507539216964
1374.0,295.0,20.0,0.00023899535045409116
1375.0,295.0,21.0,0.00017381480033024812
1376.0,295.0,22.0,0.00011406596271672534
1377.0,295.0,23.0,7.604397514448356e-05
1378.0,295.0,24.0,3.802198757224178e-05
1379.0,295.0,25.0,2.715856255160127e-05
1380.0,300.0,3.0,0.0006463737887281102
1381.0,300.0,4.0,0.0007821666014861165
1382.0,300.0,5.0,0.0010211619519402077
1383.0,300.0,6.0,0.0010863425020640508
1384.0,300.0,7.0,0.0009451179767957242
1385.0,300.0,8.0,0.00107004736453309
1386.0,300.0,9.0,0.0010863425020640508
1387.0,300.0,10.0,0.0009940033893886065
1388.0,300.0,11.0,0.0011243644896362925
1389.0,300.0,12.0,0.0009396862642854039
1390.0,300.0,13.0,0.0008582105766306001
1391.0,300.0,14.0,0.000771303176465476
1392.0,300.0,15.0,0.0006409420762177899
1393.0,300.0,16.0,0.0005920566636249076
1394.0,300.0,17.0,0.00042910528831530007
1395.0,300.0,18.0,0.00028788076304697344
1396.0,300.0,19.0,0.0002824490505366532
1397.0,300.0,20.0,0.00017924651284056836
1398.0,300.0,21.0,0.00012492938773736584
1399.0,300.0,22.0,9.233911267544432e-05
1400.0,300.0,23.0,4.888541259288228e-05
1401.0,300.0,24.0,4.888541259288228e-05
1402.0,300.0,25.0,2.1726850041281015e-05
1403.0,305.0,3.0,0.0007875983139964368
1404.0,305.0,4.0,0.0008256203015686786
1405.0,305.0,5.0,0.0010537522270021291
1406.0,305.0,6.0,0.0011732499022291747
1407.0,305.0,7.0,0.0010863425020640508
1408.0,305.0,8.0,0.001216703602311737
1409.0,305.0,9.0,0.001135227914656933
1410.0,305.0,10.0,0.0010537522270021291
1411.0,305.0,11.0,0.0010211619519402077
1412.0,305.0,12.0,0.0009940033893886065
1413.0,305.0,13.0,0.0008038934515273976
1414.0,305.0,14.0,0.0007332811888932343
1415.0,305.0,15.0,0.0007658714639551558
1416.0,305.0,16.0,0.0005648981010733064
1417.0,305.0,17.0,0.0004725589883978621
1418.0,305.0,18.0,0.0003313344631295355
1419.0,305.0,19.0,0.00032047103810889496
1420.0,305.0,20.0,0.00017924651284056836
1421.0,305.0,21.0,0.00011949767522704558
1422.0,305.0,22.0,9.777082518576456e-05
1423.0,305.0,23.0,7.06122626341633e-05
1424.0,305.0,24.0,2.715856255160127e-05
1425.0,305.0,25.0,1.629513753096076e-05
1426.0,310.0,3.0,0.000749576326424195
1427.0,310.0,4.0,0.0007604397514448355
1428.0,310.0,5.0,0.0009070959892234823
1429.0,310.0,6.0,0.0011623864772085343
1430.0,310.0,7.0,0.0012927475774562203
1431.0,310.0,8.0,0.0011841133272498152
1432.0,310.0,9.0,0.0012112718898014167
1433.0,310.0,10.0,0.0012384304523530179
1434.0,310.0,11.0,0.0010537522270021291
1435.0,310.0,12.0,0.0011026376395950116
1436.0,310.0,13.0,0.0009396862642854039
1437.0,310.0,14.0,0.0009342545517750837
1438.0,310.0,15.0,0.0007930300265067571
1439.0,310.0,16.0,0.0007604397514448355
1440.0,310.0,17.0,0.0005757615260939469
1441.0,310.0,18.0,0.0005160126884804241
1442.0,310.0,19.0,0.0003313344631295355
1443.0,310.0,20.0,0.0002824490505366532
1444.0,310.0,21.0,0.00019554165037152912
1445.0,310.0,22.0,0.00016838308781992787
1446.0,310.0,23.0,0.00011406596271672534
1447.0,310.0,24.0,3.802198757224178e-05
1448.0,310.0,25.0,2.1726850041281015e-05
1449.0,315.0,3.0,0.0007984617390170773
1450.0,315.0,4.0,0.0007006909138313127
1451.0,315.0,5.0,0.0010863425020640508
1452.0,315.0,6.0,0.0010428888019814887
1453.0,315.0,7.0,0.0014828575153174293
1454.0,315.0,8.0,0.0013524964150697432
1455.0,315.0,9.0,0.0013144744274975013
1456.0,315.0,10.0,0.0014176769651935862
1457.0,315.0,11.0,0.0014502672402555079
1458.0,315.0,12.0,0.0014448355277451876
1459.0,315.0,13.0,0.001368791552600704
1460.0,315.0,14.0,0.0010320253769608482
1461.0,315.0,15.0,0.0011243644896362925
1462.0,315.0,16.0,0.0009451179767957242
1463.0,315.0,17.0,0.0007767348889757962
1464.0,315.0,18.0,0.0005594663885629861
1465.0,315.0,19.0,0.000298744188067614
1466.0,315.0,20.0,0.0002009733628818494
1467.0,315.0,21.0,0.00017924651284056836
1468.0,315.0,22.0,0.00011949767522704558
1469.0,315.0,23.0,0.00011949767522704558
1470.0,315.0,24.0,4.345370008256203e-05
1471.0,315.0,25.0,5.431712510320254e-06
1472.0,320.0,3.0,0.0006192152261765089
1473.0,320.0,4.0,0.000836483726589319
1474.0,320.0,5.0,0.0009668448268370051
1475.0,320.0,6.0,0.0011841133272498152
1476.0,320.0,7.0,0.001477425802807109
1477.0,320.0,8.0,0.0016132186155651154
1478.0,320.0,9.0,0.0016458088906270369
1479.0,320.0,10.0,0.0017653065658540825
1480.0,320.0,11.0,0.0016566723156476774
1481.0,320.0,12.0,0.0017218528657715205
1482.0,320.0,13.0,0.0013850866901316647
1483.0,320.0,14.0,0.0012221353148220572
1484.0,320.0,15.0,0.0010972059270846913
1485.0,320.0,16.0,0.0008962325642028418
1486.0,320.0,17.0,0.0007332811888932343
1487.0,320.0,18.0,0.0004997175509494634
1488.0,320.0,19.0,0.000298744188067614
1489.0,320.0,20.0,0.00022813192543345067
1490.0,320.0,21.0,0.00015751966279928736
1491.0,320.0,22.0,0.0001412245252683266
1492.0,320.0,23.0,8.690740016512406e-05
1493.0,320.0,24.0,6.518055012384304e-05
1494.0,320.0,25.0,2.1726850041281015e-05
1495.0,325.0,3.0,0.000749576326424195
1496.0,325.0,4.0,0.0009070959892234823
1497.0,325.0,5.0,0.001194976752270456
1498.0,325.0,6.0,0.0013036110024768608
1499.0,325.0,7.0,0.0015317429279103115
1500.0,325.0,8.0,0.0016186503280754356
1501.0,325.0,9.0,0.0016675357406683178
1502.0,325.0,10.0,0.0016566723156476774
1503.0,325.0,11.0,0.0017218528657715205
1504.0,325.0,12.0,0.0015100160778690305
1505.0,325.0,13.0,0.0012547255898839786
1506.0,325.0,14.0,0.0010102985269195672
1507.0,325.0,15.0,0.0008473471516099595
1508.0,325.0,16.0,0.0006137835136661887
1509.0,325.0,17.0,0.0004997175509494634
1510.0,325.0,18.0,0.000298744188067614
1511.0,325.0,19.0,0.00023356363794377092
1512.0,325.0,20.0,0.00017924651284056836
1513.0,325.0,21.0,0.00011949767522704558
1514.0,325.0,22.0,9.233911267544432e-05
1515.0,325.0,23.0,4.888541259288228e-05
1516.0,325.0,24.0,2.715856255160127e-05
1517.0,325.0,25.0,3.802198757224178e-05
1518.0,330.0,3.0,0.0006192152261765089
1519.0,330.0,4.0,0.0008962325642028418
1520.0,330.0,5.0,0.001026593664450528
1521.0,330.0,6.0,0.0011297962021466128
1522.0,330.0,7.0,0.001368791552600704
1523.0,330.0,8.0,0.0015534697779515925
1524.0,330.0,9.0,0.0016295137530960761
1525.0,330.0,10.0,0.00171098944075088
1526.0,330.0,11.0,0.0015480380654412723
1527.0,330.0,12.0,0.0013796549776213445
1528.0,330.0,13.0,0.0010374570894711684
1529.0,330.0,14.0,0.0009179594142441229
1530.0,330.0,15.0,0.0008256203015686786
1531.0,330.0,16.0,0.0005540346760526659
1532.0,330.0,17.0,0.0003150393255985747
1533.0,330.0,18.0,0.0002552904879850519
1534.0,330.0,19.0,0.00016838308781992787
1535.0,330.0,20.0,0.00017924651284056836
1536.0,330.0,21.0,0.00013579281275800635
1537.0,330.0,22.0,3.802198757224178e-05
1538.0,330.0,23.0,4.345370008256203e-05
1539.0,330.0,24.0,2.1726850041281015e-05
1540.0,330.0,25.0,2.1726850041281015e-05
1541.0,335.0,3.0,0.0007332811888932343
1542.0,335.0,4.0,0.0009125277017338027
1543.0,335.0,5.0,0.0013199061400078218
1544.0,335.0,6.0,0.0012547255898839786
1545.0,335.0,7.0,0.0015154477903793508
1546.0,335.0,8.0,0.0016132186155651154
1547.0,335.0,9.0,0.0018304871159779256
1548.0,335.0,10.0,0.0016295137530960761
1549.0,335.0,11.0,0.0014394038152348671
1550.0,335.0,12.0,0.0012601573023942989
1551.0,335.0,13.0,0.001194976752270456
1552.0,335.0,14.0,0.0009505496893060444
1553.0,335.0,15.0,0.0006789640637900317
1554.0,335.0,16.0,0.00038021987572241776
1555.0,335.0,17.0,0.0003150393255985747
1556.0,335.0,18.0,0.0002661539130056924
1557.0,335.0,19.0,0.00019010993786120888
1558.0,335.0,20.0,0.0002009733628818494
1559.0,335.0,21.0,0.00013036110024768608
1560.0,335.0,22.0,7.604397514448356e-05
1561.0,335.0,23.0,4.345370008256203e-05
1562.0,335.0,24.0,2.1726850041281015e-05
1563.0,335.0,25.0,1.629513753096076e-05
1564.0,340.0,3.0,0.0007441446139138748
1565.0,340.0,4.0,0.001026593664450528
1566.0,340.0,5.0,0.0010374570894711684
1567.0,340.0,6.0,0.0013307695650284623
1568.0,340.0,7.0,0.0014176769651935862
1569.0,340.0,8.0,0.0015317429279103115
1570.0,340.0,9.0,0.001347064702559423
1571.0,340.0,10.0,0.0013850866901316647
1572.0,340.0,11.0,0.001433972102724547
1573.0,340.0,12.0,0.0012112718898014167
1574.0,340.0,13.0,0.0010809107895537306
1575.0,340.0,14.0,0.0008799374266718811
1576.0,340.0,15.0,0.000662668926259071
1577.0,340.0,16.0,0.0004019467257636988
1578.0,340.0,17.0,0.00036935645070177727
1579.0,340.0,18.0,0.00030417590057793423
1580.0,340.0,19.0,0.00017381480033024812
1581.0,340.0,20.0,0.00010320253769608482
1582.0,340.0,21.0,9.777082518576456e-05
1583.0,340.0,22.0,7.604397514448356e-05
1584.0,340.0,23.0,4.888541259288228e-05
1585.0,340.0,24.0,4.345370008256203e-05
1586.0,340.0,25.0,1.0863425020640507e-05
1587.0,345.0,3.0,0.0007006909138313127
1588.0,345.0,4.0,0.0010863425020640508
1589.0,345.0,5.0,0.0011515230521878938
1590.0,345.0,6.0,0.0011189327771259723
1591.0,345.0,7.0,0.0013524964150697432
1592.0,345.0,8.0,0.001368791552600704
1593.0,345.0,9.0,0.001564333202972233
1594.0,345.0,10.0,0.0015154477903793508
1595.0,345.0,11.0,0.0013416329900491028
1596.0,345.0,12.0,0.0011460913396775735
1597.0,345.0,13.0,0.0008473471516099595
1598.0,345.0,14.0,0.0007441446139138748
1599.0,345.0,15.0,0.0006300786511971494
1600.0,345.0,16.0,0.00039108330074305825
1601.0,345.0,17.0,0.0003530613131708165
1602.0,345.0,18.0,0.0002715856255160127
1603.0,345.0,19.0,0.00016838308781992787
1604.0,345.0,20.0,0.00014665623777864684
1605.0,345.0,21.0,5.974883761352279e-05
1606.0,345.0,22.0,5.974883761352279e-05
1607.0,345.0,23.0,4.345370008256203e-05
1608.0,345.0,24.0,3.259027506192152e-05
1609.0,345.0,25.0,1.0863425020640507e-05
1610.0,350.0,3.0,0.0007604397514448355
1611.0,350.0,4.0,0.001048320514491809
1612.0,350.0,5.0,0.0011460913396775735
1613.0,350.0,6.0,0.0012818841524355798
1614.0,350.0,7.0,0.0012329987398426976
1615.0,350.0,8.0,0.0012873158649459
1616.0,350.0,9.0,0.0012112718898014167
1617.0,350.0,10.0,0.0012112718898014167
1618.0,350.0,11.0,0.0012384304523530179
1619.0,350.0,12.0,0.0011243644896362925
1620.0,350.0,13.0,0.0009614131143266849
1621.0,350.0,14.0,0.0007224177638725938
1622.0,350.0,15.0,0.0005160126884804241
1623.0,350.0,16.0,0.0004128101507843393
1624.0,350.0,17.0,0.000342197888150176
1625.0,350.0,18.0,0.00022813192543345067
1626.0,350.0,19.0,0.00019010993786120888
1627.0,350.0,20.0,0.00013579281275800635
1628.0,350.0,21.0,0.00010320253769608482
1629.0,350.0,22.0,3.802198757224178e-05
1630.0,350.0,23.0,2.715856255160127e-05
1631.0,350.0,24.0,2.1726850041281015e-05
1632.0,350.0,25.0,1.0863425020640507e-05
